Do you enjoy working with numbers and solving mathematical problems?,"Are you interested in creative activities like painting, writing, or music?",Do you like helping others and solving social or community issues?,Are you comfortable working with technology and learning new software?,Do you enjoy analyzing data and finding patterns or trends?,Are you good at communicating and working with people in a team?,Do you prefer working independently rather than in a group?,"Are you interested in science, medicine, or healthcare?",Do you enjoy planning and organizing events or projects?,Are you passionate about environmental issues and sustainability?,Do you enjoy taking risks and trying new things?,Are you more of a logical thinker than an emotional one?,Do you value job stability and a predictable routine?,"Are you interested in business, finance, or entrepreneurship?",Do you enjoy researching and exploring new ideas or concepts?,output,timestamp
Yes,No,Yes,Yes,Yes,Yes,No,Yes,Yes,Yes,No,Yes,Yes,No,Yes,"This analysis is purely speculative as we lack the context of the questions in the psychometric test.  The usefulness of this analysis is severely limited without knowing what Questions 1-15 actually *are*.  However, based on a pattern recognition approach, let's attempt an interpretation, bearing in mind that this is highly unreliable.  We'll assume the questions assess aspects of personality and work preferences relating to teamwork, independence, creativity, problem-solving, leadership, and routine.

**Hypothetical Interpretation of Responses:**

A majority of ""Yes"" responses suggests a proactive and engaged personality.  The interspersed ""No"" responses could indicate a preference for a balanced approach, avoiding extremes of either complete independence or complete dependence.  Let's assume:

* **Yes responses (mostly):** Indicate a preference for challenges, proactive engagement, teamwork (potentially), creative problem-solving, and a willingness to take initiative.
* **No responses (scattered):** Suggest a need for structure, a preference for focused work rather than excessive collaboration in all instances, and possibly a dislike for excessive routine or micromanagement.


**Based on this highly speculative interpretation, here are 3 potential career paths:**

1. **Project Manager:**  The mix of ""Yes"" and ""No"" answers suggests someone who can lead a team (Yes to teamwork and initiative), but also appreciates structure and defined goals (No to some aspects suggesting aversion to chaos). Project management requires organization, planning, and problem-solving skills, aligning with several ""Yes"" responses.  The ""No"" responses indicate a preference for structured approaches rather than entirely chaotic environments.

2. **UX/UI Designer:**  Many ""Yes"" responses could indicate creativity and problem-solving abilities vital for this role.  A UX/UI designer needs to understand user needs (implied by problem-solving), design aesthetically pleasing and functional interfaces (implied by creativity), and collaborate with developers (implied by teamwork), while also working independently on design concepts (implied by balanced yes/no pattern).

3. **Software Engineer/Developer (with a focus on specific areas):**  Problem-solving is crucial here, and many ""Yes"" responses suggest that aptitude. The ""No"" answers could indicate a preference for working on specific modules or aspects of a project rather than the entire architecture. Focusing on a niche within software development could offer more structure and focused work compared to leading a large-scale project.


**Disclaimer:** This analysis is extremely limited and unreliable without knowing the content of the psychometric questions. A valid career path suggestion requires a comprehensive understanding of the questions and their underlying constructs.  This should not be used to make any significant life decisions. A proper psychometric assessment with professional interpretation is strongly recommended for career guidance.
",2025-05-17 15:18:55.754790
